
{
  "best-products": [
    {
      "id": 1,
      "kode": "K-01",
      "nama": "Back 4 Blood",
      "harga": 700000,
      "is_ready": true,
      "gambar": "back-4-blood.jpg"
    },
    {
      "id": 2,
      "kode": "K-02",
      "nama": "Far Cry 6",
      "harga": 750000,
      "is_ready": true,
      "gambar": "far-cry-6.jpg"
    },
    {
      "id": 3,
      "kode": "K-03",
      "nama": "Red Dead Redemption II",
      "harga": 426000,
      "is_ready": true,
      "gambar": "red-dead-redemption2.jpg"
    }
  ],
  "products": [
    {
      "id": 1,
      "kode": "K-01",
      "nama": "Battlefield(TM)2042",
      "harga": 629000,
      "is_ready": true,
      "gambar": "battlefield-2042-pc.jpg"
    },
    {
      "id": 2,
      "kode": "K-02",
      "nama": "Age Of Empire IV",
      "harga": 249000,
      "is_ready": true,
      "gambar": "age-of-empire4-pc.jpg"
    },
    {
      "id": 3,
      "kode": "K-03",
      "nama": "Monster Hunter Stories 2",
      "harga": 825000,
      "is_ready": true,
      "gambar": "monster-hunter-stories2.jpg"
    },
    {
      "id": 4,
      "kode": "K-04",
      "nama": "Forza Horizon 5",
      "harga": 650000,
      "is_ready": true,
      "gambar": "forza-horizon-5.jpg"
    },
    {
      "id": 5,
      "kode": "K-05",
      "nama": "One Piece Pirate Warrior 4",
      "harga": 150000,
      "is_ready": true,
      "gambar": "op-pirate-warrior4.jpg"
    },
    {
      "id": 6,
      "kode": "K-06",
      "nama": "Resident Evil Vilagge",
      "harga": 850000,
      "is_ready": true,
      "gambar": "re8-pc.jpg"
    },
    {
      "id": 7,
      "kode": "K-07",
      "nama": "New World",
      "harga": 235000,
      "is_ready": true,
      "gambar": "New_world.jpg"
    },
    {
      "id": 8,
      "kode": "K-08",
      "nama": "Elden Ring",
      "harga": 599000,
      "is_ready": true,
      "gambar": "Elden_Ring.jpg"
    },
    {
      "id": 9,
      "kode": "K-09",
      "nama": "Naraka: Bladepoint",
      "harga": 150000,
      "is_ready": true,
      "gambar": "naraka-bp.jpg"
    }
  ],
  "keranjangs": [
    {
      "jumlah_pemesanan": "1",
      "products": {
        "id": 2,
        "kode": "K-02",
        "nama": "Back 4 Blood",
        "harga": 700000,
        "is_ready": true,
        "gambar": "back-4-blood.jpg"
      },
      "id": 1
    }
  ],
  "pesanans": [
    {
      "nama": "Edward",
      "keranjangs": [
        {
          "jumlah_pemesanan": "1",
          "keterangan": "Premium",
          "products": {
            "id": 1,
            "kode": "K-01",
            "nama": "Naraka: Bladepoint",
            "harga": 150000,
            "is_ready": true,
            "gambar": "naraka-bp.jpg"
          },
          "id": 1
        },
        {
          "jumlah_pemesanan": "1",
          "products": {
            "id": 2,
            "kode": "K-02",
            "nama": "Monster Hunter Stories 2",
            "harga": 825000,
            "is_ready": true,
            "gambar": "monster-hunter-stories2.jpg"
          },
          "id": 2
        }
      ],
      "id": 1
    }
  ]
}